{
    "version": 2,
    "builds": [
        {
            "src": "api/index.py",
            "use": "@vercel/python"
        },
        {
            "src": "frontend/package.json",
            "use": "@vercel/static-build",
            "config": {
                "distDir": "dist"
            }
        }
    ],
    "routes": [
        {
            "src": "/api/(.*)",
            "dest": "api/index.py"
        },
        {
            "src": "/assets/(.*)",
            "dest": "frontend/assets/$1"
        },
        {
            "src": "/vite.svg",
            "dest": "frontend/vite.svg"
        },
        {
            "handle": "filesystem"
        },
        {
            "src": "/(.*)",
            "dest": "frontend/index.html"
        }
    ]
}